email,html
user1@example.com,"
<!DOCTYPE html>
<html>
<body style=""font-family:Arial; padding:20px; background:#f7f9fc;"">
<h2 style=""color:#3c1f7b;"">–õ—É–º–æ—Å!</h2>
<p>–ü—É—Å—Ç—å –Ω–æ–≤—ã–π –≥–æ–¥ –±—É–¥–µ—Ç <b>–ø–æ–ª–æ–Ω —á—É–¥–µ—Å</b>, —Å–ª–æ–≤–Ω–æ –ø–µ—Ä–≤–æ–µ –ø—É—Ç–µ—à–µ—Å—Ç–≤–∏–µ –≤ –•–æ–≥–≤–∞—Ä—Ç—Å.</p>
<p>–ü—É—Å—Ç—å —ç—Ç–æ—Ç –≥–æ–¥ –±—É–¥–µ—Ç <i>–≤–æ–ª—à–µ–±–Ω—ã–º</i>, –∫–∞–∫ –ø–µ—Ä–≤–æ–µ –æ—Ç–∫—Ä—ã—Ç–∏–µ —Ç–∞–π–Ω–æ–π –∫–æ–º–Ω–∞—Ç—ã.</p>
<p>–° —É–≤–∞–∂–µ–Ω–∏–µ–º,<br>–ú–∞–≥–∏—á–µ—Å–∫–∞—è –ø–æ—á—Ç–∞ –•–æ–≥–≤–∞—Ä—Ç—Å–∞üßô‚ú®</p>
</body>
</html>
"
user2@example.com,"
<!DOCTYPE html>
<html>
<body style=""font-family:Arial; padding:20px; background:#f7f9fc;"">
<h2 style=""color:#3c1f7b;"">–≠–∫—Å–ø–µ–∫—Ç–æ –ü–∞—Ç—Ä–æ–Ω—É–º!</h2>
<p>–ñ–µ–ª–∞–µ–º <b>—Å–º–µ–ª–æ—Å—Ç–∏ –ì–∞—Ä—Ä–∏ –∏ –º—É–¥—Ä–æ—Å—Ç–∏ –î–∞–º–±–ª–¥–æ—Ä–∞.</b></p>
<p>–ü—É—Å—Ç—å —É –í–∞—Å –±—É–¥–µ—Ç —Å—Ç–æ–ª—å–∫–æ –∂–µ <i>—Ä–∞–¥–æ—Å—Ç–∏<i>, —Å–∫–æ–ª—å–∫–æ —É –•–∞–≥—Ä–∏–¥–∞ ‚Äî –æ—Ç –Ω–æ–≤—ã—Ö —Å—É—â–µ—Å—Ç–≤.</p>
<p>–° —É–≤–∞–∂–µ–Ω–∏–µ–º,<br>–ú–∞–≥–∏—á–µ—Å–∫–∞—è –ø–æ—á—Ç–∞ –•–æ–≥–≤–∞—Ä—Ç—Å–∞üßô‚ú®</p>
</body>
</html>
"
user3@example.com,"
<!DOCTYPE html>
<html>
<body style=""font-family:Arial; padding:20px; background:#f7f9fc;"">
<h2 style=""color:#3c1f7b;"">–ü–∏—Å—å–º–æ –ø—Ä–∏–ª–µ—Ç–µ–ª–æ –ø—Ä—è–º–æ –∏–∑ –•–æ–≥–≤–∞—Ä—Ç—Å–∞!</h2>
<p>–ü—É—Å—Ç—å <b>—É–¥–∞—á–∞</b> –±—É–¥–µ—Ç —Å –≤–∞–º–∏, –∫–∞–∫ –±—É—Ç–æ –í—ã –ø—å—ë—Ç–µ –∑–µ–ª—å–µ –§–µ–ª–∏–∫—Å –§–µ–ª–∏—Ü–∏—Å.</p>
<p>–ü—É—Å—Ç—å –≤–∞—à –¥–æ–º –±—É–¥–µ—Ç –∑–∞—â–∏—â—ë–Ω —Ç–∞–∫ –∂–µ –Ω–∞–¥—ë–∂–Ω–æ, –∫–∞–∫ –•–æ–≥–≤–∞—Ä—Ç—Å —á–∞—Ä–∞–º–∏.</p>
<p>–° —É–≤–∞–∂–µ–Ω–∏–µ–º,<br>–ú–∞–≥–∏—á–µ—Å–∫–∞—è –ø–æ—á—Ç–∞ –•–æ–≥–≤–∞—Ä—Ç—Å–∞üßô‚ú®</p>
</body>
</html>
"
user4@example.com,"
<!DOCTYPE html>
<html>
<body style=""font-family:Arial; padding:20px; background:#f7f9fc;"">
<h2 style=""color:#3c1f7b;"">–ü—Ä–∏–≤–µ—Ç—Å—Ç–≤—É–µ–º, –≤–æ–ª—à–µ–±–Ω–∏–∫!</h2>
<p>–ñ–µ–ª–∞–µ–º <b>–º–∞–≥–∏–∏</b> –≤ –∫–∞–∂–¥–æ–º –¥–Ω–µ –∏ <i>—Ç–µ–ø–ª–∞</i>, –∫–∞–∫ –≤ –≥–æ—Å—Ç–∏–Ω–æ–π –ì—Ä–∏—Ñ—Ñ–∏–Ω–¥–æ—Ä–∞.</p>
<p>–ü—É—Å—Ç—å —Ç—Ä—É–¥–Ω–æ—Å—Ç–∏ –∏—Å—á–µ–∑–∞—é—Ç, —Å–ª–æ–≤–Ω–æ –ø–æ—Å–ª–µ –∑–∞–∫–ª–∏–Ω–∞–Ω–∏—è ¬´–§–∏–Ω–∏—Ç–µ –ò–Ω–∫–∞–Ω—Ç–∞—Ç–µ–º¬ª.</p>
<p>–° —É–≤–∞–∂–µ–Ω–∏–µ–º,<br>–ú–∞–≥–∏—á–µ—Å–∫–∞—è –ø–æ—á—Ç–∞ –•–æ–≥–≤–∞—Ä—Ç—Å–∞üßô‚ú®</p>
</body>
</html>
"
user5@example.com,"
<!DOCTYPE html>
<html>
<body style=""font-family:Arial; padding:20px; background:#f7f9fc;"">
<h2 style=""color:#3c1f7b;"">–î–æ—Ä–æ–≥–æ–π –¥—Ä—É–≥ –∏–∑ –º–∏—Ä–∞ –º–∞–≥–∏–∏!</h2>
<p>–ü—É—Å—Ç—å 2026 –ø—Ä–∏–Ω–µ—Å—ë—Ç –º–Ω–æ–∂–µ—Å—Ç–≤–æ <b>—Å—á–∞—Å—Ç–ª–∏–≤—ã—Ö<b> –º–æ–º–µ–Ω—Ç–æ–≤.</p>
<p>–ü—É—Å—Ç—å –≤–∞—à–∏ –ø–ª–∞–Ω—ã –≤–∑–ª–µ—Ç–∞—é—Ç —Ç–∞–∫ –∂–µ —É–≤–µ—Ä–µ–Ω–Ω–æ, –∫–∞–∫ –•–µ–¥–≤–∏–≥ –≤ –Ω–æ—á–Ω–æ–º –Ω–µ–±–µ.</p>
<p>–° —É–≤–∞–∂–µ–Ω–∏–µ–º,<br>–ú–∞–≥–∏—á–µ—Å–∫–∞—è –ø–æ—á—Ç–∞ –•–æ–≥–≤–∞—Ä—Ç—Å–∞üßô‚ú®</p>
</body>
</html>
"
user6@example.com,"
<!DOCTYPE html>
<html>
<body style=""font-family:Arial; padding:20px; background:#f7f9fc;"">
<h2 style=""color:#3c1f7b;"">–ß–∞—Ä–æ–¥–µ–π, —Ä–∞–¥—ã –≤—Å—Ç—Ä–µ—á–µ!</h2>
<p>–ñ–µ–ª–∞–µ–º <b>–∏—Å–ø–æ–ª–Ω–µ–Ω–∏—è –∂–µ–ª–∞–Ω–∏–π<b> –∏ <i>—Ñ–∏–Ω–∞–Ω—Å–æ–≤–æ–≥–æ –±–ª–∞–≥–æ–ø–æ–ª—É—á–∏—è<i>.</p>
<p>–ü—É—Å—Ç—å –≤–∞—à–∏ –º–µ—á—Ç—ã –∏—Å–ø–æ–ª–Ω—è—é—Ç—Å—è —Ç–∞–∫ –∂–µ —è—Ä–∫–æ, –∫–∞–∫ —Å–≤–µ—Ç–∏—Ç—Å—è –ö—É–±–æ–∫ –û–≥–Ω—è.</p>
<p>–° —É–≤–∞–∂–µ–Ω–∏–µ–º,<br>–ú–∞–≥–∏—á–µ—Å–∫–∞—è –ø–æ—á—Ç–∞ –•–æ–≥–≤–∞—Ä—Ç—Å–∞üßô‚ú®</p>
</body>
</html>
"
user7@example.com,"
<!DOCTYPE html>
<html>
<body style=""font-family:Arial; padding:20px; background:#f7f9fc;"">
<h2 style=""color:#3c1f7b;"">–° –Ω–∞—Å—Ç—É–ø–∞—é—â–∏–º –æ—Ç —Ñ–∞–∫—É–ª—å—Ç–µ—Ç–∞ –ì—Ä–∏—Ñ—Ñ–∏–Ω–¥–æ—Ä!</h2>
<p>–ü—É—Å—Ç—å –∫–∞–∂–¥—ã–π –¥–µ–Ω—å –Ω–æ–≤–æ–≥–æ –≥–æ–¥–∞ –±—É–¥–µ—Ç <b>—Å–≤–µ—Ç–ª—ã–º</b>, –∫–∞–∫ —á–∞—Ä—ã –ü–∞—Ç—Ä–æ–Ω—É—Å–∞.</p>
<p>–ü—É—Å—Ç—å –≤—Ä–∞–≥–∏ –æ–±—Ö–æ–¥—è—Ç —Å—Ç–æ—Ä–æ–Ω–æ–π, –∫–∞–∫ –ü–æ–∂–∏—Ä–∞—Ç–µ–ª–∏ –°–º–µ—Ä—Ç–∏ –ü–∞—Ç—Ä–æ–Ω—É—Å–æ–≤.</p>
<p>–° —É–≤–∞–∂–µ–Ω–∏–µ–º,<br>–ú–∞–≥–∏—á–µ—Å–∫–∞—è –ø–æ—á—Ç–∞ –•–æ–≥–≤–∞—Ä—Ç—Å–∞üßô‚ú®</p>
</body>
</html>
"
user8@example.com,"
<!DOCTYPE html>
<html>
<body style=""font-family:Arial; padding:20px; background:#f7f9fc;"">
<h2 style=""color:#3c1f7b;"">–¢—ë–ø–ª—ã–π –ø—Ä–∏–≤–µ—Ç –∏–∑ –•–æ–≥—Å–º–∏–¥–∞!</h2>
<p>–ñ–µ–ª–∞–µ–º <b>–º–∏—Ä–∞, –≥–∞—Ä–º–æ–Ω–∏–∏ –∏ —Ä–∞–¥–æ—Å—Ç–∏ –≤ –¥–æ–º–µ.</b></p>
<p>–ü—É—Å—Ç—å <i>—É–¥–∞—á–∞</i> –±—É–¥–µ—Ç –ª–∏–ø–Ω—É—Ç—å –∫ –≤–∞–º —Å–∏–ª—å–Ω–µ–µ, —á–µ–º –º–∞–Ω–¥—Ä–∞–≥–æ—Ä—ã –∫ –∑–µ–º–ª–µ.</p>
<p>–° —É–≤–∞–∂–µ–Ω–∏–µ–º,<br>–ú–∞–≥–∏—á–µ—Å–∫–∞—è –ø–æ—á—Ç–∞ –•–æ–≥–≤–∞—Ä—Ç—Å–∞üßô‚ú®</p>
</body>
</html>
"
user9@example.com,"
<!DOCTYPE html>
<html>
<body style=""font-family:Arial; padding:20px; background:#f7f9fc;"">
<h2 style=""color:#3c1f7b;"">–ù–æ–≤–æ–≥–æ–¥–Ω—è—è —Å–æ–≤–∞ –ø—Ä–∏–±—ã–ª–∞ —Å –ø–æ—Å–ª–∞–Ω–∏–µ–º</h2>
<p>–ü—É—Å—Ç—å –≤–µ—Å—å –≥–æ–¥ –±—É–¥–µ—Ç –ø–æ–ª–æ–Ω <b>—É–ª—ã–±–æ–∫ –∏ –æ—Ç–∫—Ä—ã—Ç–∏–π.</b></p>
<p>–ü—É—Å—Ç—å –¥–Ω–∏ –±—É–¥—É—Ç –ø–æ–ª–Ω—ã <i>–æ—Ç–∫—Ä—ã—Ç–∏–π<i/>, –∫–∞–∫ –∫–æ—Ä–∏–¥–æ—Ä—ã –•–æ–≥–≤–∞—Ä—Ç—Å–∞.</p>
<p>–° —É–≤–∞–∂–µ–Ω–∏–µ–º,<br>–ú–∞–≥–∏—á–µ—Å–∫–∞—è –ø–æ—á—Ç–∞ –•–æ–≥–≤–∞—Ä—Ç—Å–∞üßô‚ú®</p>
</body>
</html>
"
user10@example.com,"
<!DOCTYPE html>
<html>
<body style=""font-family:Arial; padding:20px; background:#f7f9fc;"">
<h2 style=""color:#3c1f7b;"">–ú–∞–≥–∏—á–µ—Å–∫–æ–µ –ø–æ–∑–¥—Ä–∞–≤–ª–µ–Ω–∏–µ!</h2>
<p>–ñ–µ–ª–∞–µ–º <b>—É–¥–∞—á–∏</b> –≤ –∫–∞–∂–¥–æ–º —à–∞–≥–µ.</p>
<p>–ü—É—Å—Ç—å –∫–∞–∂–¥—ã–π —à–∞–≥ –±—É–¥–µ—Ç <i>–≤–µ—Ä–Ω—ã–º</i>, –∫–∞–∫ –≤—ã–±–æ—Ä –ø–∞–ª–æ—á–∫–∏ –≤ –ª–∞–≤–∫–µ –û–ª–ª–∏–≤–∞–Ω–¥–µ—Ä–∞.</p>
<p>–° —É–≤–∞–∂–µ–Ω–∏–µ–º,<br>–ú–∞–≥–∏—á–µ—Å–∫–∞—è –ø–æ—á—Ç–∞ –•–æ–≥–≤–∞—Ä—Ç—Å–∞üßô‚ú®</p>
</body>
</html>
"
